title,originallink,link,description,pubDate
백종원 레시피로 140만명 몰린 안동 축제… 김밥에 뭘 넣었길래?,https://biz.chosun.com/topics/topics_social/2024/10/07/EPLCJUVY5RDPLKUM5OOQKPONLE/?utm_source=naver&utm_medium=original&utm_campaign=biz,https://n.news.naver.com/mnews/article/366/0001022411?sid=102,"안동<b>한우</b> 등을 활용한 메뉴들이 판매됐다. 간고등어바베큐(9000원), 고등어케밥(6000원), 간고등어국밥(7000원), 안동참마돼지육전버거(5000원), 안동찜닭(1만8000원) 안동<b>한우</b>곱창모듬(1만3000원) 등이 방문객을 맞이했다.... ",2024-10-07
"평택, 럼피스킨 추가 확산 차단 총력 대응",http://www.shinailbo.co.kr/news/articleView.html?idxno=1941204,http://www.shinailbo.co.kr/news/articleView.html?idxno=1941204,관내 <b>한우</b>농장(22마리 사육)에서 럼피스킨이 확진됨에 따라 4일 임종철 부시장 주재로 긴급 재난안전대책본부회의를 개최하고 럼피스킨 발생 상황과 방역대책을 점검했다고 7일 밝혔다. 시는 관내 <b>한우</b>농장에서... ,2024-10-07
2024년 10월은 '광천 방문의 달',https://www.ccdailynews.com/news/articleView.html?idxno=2300362,https://www.ccdailynews.com/news/articleView.html?idxno=2300362,"수제 젓갈 만들기, 개성 가득 김밥 만들기, 토굴새우젓 김장김치 담그기, 토굴 체험, 김 구이 체험 등 관광객 참여 프로그램과 김 젤라또 무료시식, <b>한우</b>·한돈 무료시식회도 마련된다. 26일에는 두 개의 큰 행사가 동시에... ",2024-10-07
농식품부 장관 “벼멸구 피해 컸다…농업재해로 인정”,https://news.kbs.co.kr/news/pc/view/view.do?ncd=8075493&ref=A,https://n.news.naver.com/mnews/article/056/0011813630?sid=101,올해 경기·강원 지역 <b>한우</b> 농가 등을 중심으로 8건 발생한 럼피스킨에 대해선 “곤충 매개 전염병이기 때문에 겨울철에는 안정될 것으로 예상된다”면서도 “소 거래할 때 백신접종증명서 휴대를 의무화하는 등 추가... ,2024-10-07
"농식품부, ‘<b>한우</b> 수급 안정 협의체’ 구성",https://news.kbs.co.kr/news/pc/view/view.do?ncd=8075491&ref=A,https://n.news.naver.com/mnews/article/056/0011813628?sid=101,"농림축산식품부는 오늘(7일) <b>한우</b> 농가를 위한 대책을 마련하기 위해 ‘<b>한우</b> 수급 안정 및 발전 대책 협의체’(TF)를 구성했다고 밝혔습니다. TF는 농식품부와 <b>한우</b>협회, <b>한우</b>자조금, <b>한우</b>협동조합연합회 등 생산자... ",2024-10-07
"하이블러, 남대문에 ‘서울<b>한우</b>’ 오픈…연말까지 <b>한우</b>갈비탕 할인",https://hobbyen-news.com/news/view/1065572580992199,https://hobbyen-news.com/news/view/1065572580992199,"하이블러는 서울 남대문에 ‘서울<b>한우</b>’ 1호점을 오픈하고, 오는 연말까지 <b>한우</b>갈비탕 40% 할인행사를 진행한다고 7일 밝혔다. 서울<b>한우</b>는 100% 국내산 <b>한우</b>로 만든 갈비탕을 합리적 가격에 제공하는 <b>한우</b>전문점으로... ",2024-10-07
"강원도, 2,000억 원 규모 지역 발전사업 지원 결정",https://view.asiae.co.kr/article/2024100715314213156,https://n.news.naver.com/mnews/article/277/0005480862?sid=102,"또한, 평창대관령음악제(강원도 추진, 14억 원), 원주 댄싱카니발(원주시, 14억 원), 동해 무릉제(동해시, 8억 원), 홍천 인삼<b>한우</b> 명품축제(홍천군, 5억 원), 횡성 <b>한우</b>축제(횡성군, 22억 원), 정선아리랑제(정선군, 22억 원)... ",2024-10-07
"영광승마장, 전국승마대회 장애물 부문 '4관왕' 쾌거",http://www.newsworker.co.kr/news/articleView.html?idxno=350588,http://www.newsworker.co.kr/news/articleView.html?idxno=350588,지난달 28일부터 29일까지 이틀간 장수승마장에서 열린 '제9회 장수 <b>한우</b>랑 사과랑 전국지구력승마대회'에서 영광승마장 소속 유소년승마단원 2명과 승마교관 2명이 각각 뛰어난 성적을 기록했다. 대한승마협회에서... ,2024-10-07
올해 쌀 생산량 소폭 감소 예상…‘한 가마 20만원 이상’ 약속 지켜질...,https://www.khan.co.kr/economy/market-trend/article/202410071528001,https://n.news.naver.com/mnews/article/032/0003324787?sid=101,올해 쌀 초과생산량 전량 매입·<b>한우</b> 사육제한···쌀·<b>한우</b> 대책 발표 정부가 올해 수확기 쌀값 안정을 위해 초과생산량을 전량 매입하기로 했다. <b>한우</b> 수급 안정을 위해 암소 1만 마리를 감축하는 등 사육 감축... ,2024-10-07
국감 화살 피하려 강소기업 죽이기? 중기부와 공영홈쇼핑의 '민낯',http://www.financialreview.co.kr/news/articleView.html?idxno=30977,http://www.financialreview.co.kr/news/articleView.html?idxno=30977,"물론 뉴월드통상의 <b>한우</b>불고기 제품에 젖소고기가 혼입됐던 것은 명백히 사실이지만, 혼입된 양이 전체의 0.... 계약해지에 제보수집) 특히 지난해 국감을 떠들썩하게 만든 '<b>한우</b>불고기 젖소 DNA 검출'의 경우 소비자의... ",2024-10-07
"영광승마장, 전국승마대회 장애물 부문 4관왕 쾌거",https://daily.hankooki.com/news/articleView.html?idxno=1134276,https://daily.hankooki.com/news/articleView.html?idxno=1134276,"사진=영광군 제공  제9회 장수 <b>한우</b>랑 사과랑 전국지구력승마대회에서 영광승마장 소속 유소년승마단원 2명과 승마교관 2명이 각각 뛰어난 성적을 거뒀다. 이번 대회는 지난달 28, 29일 이틀간 장수승마장에서 열렸다.... ",2024-10-07
"고성군, 3번째 럼피스킨 발생",https://www.nspna.com/news/?mode=view&newsid=720678,https://www.nspna.com/news/?mode=view&newsid=720678,강원특별자치도(도지사 김진태)는 지난 4일 고성군(거진읍) 소재 <b>한우</b>농가 축주의 신고로 동물위생시험소에서 채취한 시료를 농림축산검역본부에서 정밀 검사한 결과 4일 오후 11시 50분경 럼피스킨으로 최종 확진됐다.... ,2024-10-07
송미령 &quot;할당관세 소고기 수입…<b>한우</b> 가격 하락 원인 아냐&quot;,https://www.gukjenews.com/news/articleView.html?idxno=3105274,https://www.gukjenews.com/news/articleView.html?idxno=3105274,송미령 농림축산식품부 장관이 7일  서울 여의도 국회에서 열린 농림축산식품해양수산위원회 국정감사에서 의원들의 질의에 답하고 있다./사진=원명국 기자,2024-10-07
"경주시의회 최재필 위원장, 5분 자유발언서 &quot;'펀슈머'를 공략하라&quot;",http://www.sisafocus.co.kr/news/articleView.html?idxno=325684,http://www.sisafocus.co.kr/news/articleView.html?idxno=325684,"말하며, <b>한우</b>ㆍ곤달비ㆍ국수 등 풍부한 먹거리 자원을 가지고 있음에도 불구하고 이를 활용하는 것에 부족함이 있다고 지적했다. 최재필 위원장은 최근 맛을 넘어 즐거운 경험을 추구하는 고객을 뜻하는 단어인 '펀슈머'를... ",2024-10-07
"강원도, 제3차 지방재정투자심사 2045억원 통과",https://www.ekn.kr/web/view.php?key=20241007029251455,https://www.ekn.kr/web/view.php?key=20241007029251455,"또 △평창 대관령음악제(도 추진, 14억원) △원주 댄싱카니발(원주, 14억원) △동해 무릉제(동해, 8억원) △홍천 인삼<b>한우</b> 명품축제(홍천, 5억원) △횡성 <b>한우</b>축제(횡성, 22억원) △정선아리랑제(정선, 22억원) 등 지역의... ",2024-10-07
"충북도의회, 12대 후반기 의회 100일'일 잘하는 의회'토대 마련",http://www.bzeronews.com/news/articleView.html?idxno=679863,http://www.bzeronews.com/news/articleView.html?idxno=679863,도의회는 '단양천 기후대응댐 후보지 선정 전면 백지화 건의안'을 통해 단양천댐 계획의 전면 백지화를 요구하는 한편 생산비 폭등과 경락가 폭락으로 어려움에 처한 <b>한우</b>농가를 지원하기 위한 '<b>한우</b>농가 경영 안정... ,2024-10-07
"롯데마트, 신선∙가공식품 할인 행사 진행",https://www.youthdaily.co.kr/news/article.html?no=166870,https://www.youthdaily.co.kr/news/article.html?no=166870,"더불어 ‘호주산 청정 와규 전품목’에 대해 행사카드(롯데·신한) 결제 시 최대 50% 할인 혜택을 제공하고, ‘요리하다 제주 흑돼지 불고기 2종(각 1kg·냉장)’과 ‘<b>한우</b> 1등급 국거리·불고기(1kg·냉장)’는... ",2024-10-07
"송미령 &quot;정부, 농가와 싸우지 않아…작년보다 더 선제적 수급 관리&quot;",https://www.newsis.com/view/NISX20241007_0002911371,https://n.news.naver.com/mnews/article/003/0012824357?sid=101,송미령 농림축산식품부 장관은 7일 쌀·<b>한우</b> 가격 하락과 관련해 &quot;정부는 농가와 싸우지 않는다&quot;며 &quot;정부의... 또 송 장관은 &quot;작년보다 더 선제적으로 그리고 더 적극적으로 수급 관리를 하겠다&quot;며 &quot;<b>한우</b>에 대해서도 저희가... ,2024-10-07
2024 수려한합천 고등학교1학년 축구 페스티벌 성료,https://www.siminilbo.co.kr/news/newsview.php?ncode=1160285687419180,https://www.siminilbo.co.kr/news/newsview.php?ncode=1160285687419180,"특히, 합천축협과 합천유통은 지역특산품인 합천황토<b>한우</b> 육포와 영호진미 등을 참가 선수들에게 제공해 대회의 품격을 더했다. 김윤철 합천군수는 &quot;이번 대회는 고교 축구 메카로서의 합천을 알리고, 지역경제 활성화를... ",2024-10-07
"[로컬거버넌스] 경남 합천군, 11~13일 ‘합천황토<b>한우</b>축제’",https://www.siminilbo.co.kr/news/newsview.php?ncode=1160278188011628,https://www.siminilbo.co.kr/news/newsview.php?ncode=1160278188011628,황토로 키운 1등급 청정<b>한우</b> &quot;맛보이소&quot;… 보고 먹는 재미 가득한 추억여행 '항생제·합성항균제 제로' HACCP... 3%… 거세우 브랜드 중 최고 축제기간 트로트 공연·할인판매·체험행사 다채 ▲ 지난해 열린 ‘2023 황토<b>한우</b>... ,2024-10-07
"완주 와일드&amp;로컬푸드축제 성료...&quot;맛있고, 즐거워&quot;",https://www.pointdaily.co.kr/news/articleView.html?idxno=220892,https://www.pointdaily.co.kr/news/articleView.html?idxno=220892,또한 오직 와일드&amp;로컬푸드축제에서만 체험할 수 있는 화덕체험은 맨손으로 잡은 물고기와 고산농협에서 판매하는 <b>한우</b>를 구워 먹을 수 있도록 조성해 야생의 맛과 캠핑의 분위기를 느낄 수 있었다. 이외에도 우석대... ,2024-10-07
[인터뷰] ‘악마 셰프’ 앨빈 렁 “음식에서 중요한 것은 선악이 아닌 ...,https://biz.chosun.com/culture/culture_general/2024/10/07/56O4I2BHAZENFMRKIFNY6PPYEY/?utm_source=naver&utm_medium=original&utm_campaign=biz,https://n.news.naver.com/mnews/article/366/0001022395?sid=103,"가장 한국적인 재료들인 꼬막, 게장, <b>한우</b> 등을 중국요리 내에서 찾아내는 것도 묘미다. 특히 푸와그라를... 흑마늘, 김, 송이버섯을 곁들인 <b>한우</b> 요리도 별미다. <b>한우</b>는 씹을수록 잘 익은 과즙처럼 입속에서 터지는데, 김... ",2024-10-07
"함평군 우평마을, '청정전남 으뜸마을 사업'으로 마을 소멸 위기 극복 ...",http://www.metroseoul.co.kr/article/20241007500291,http://www.metroseoul.co.kr/article/20241007500291,"지난해 우평마을은 함평군의 상징인 나비, 국화, <b>한우</b> 등의 벽화를 그려 마을 분위기를 개선했고, 올해에는 쓰레기 무단 투기 장소였던 낡은 우물을 복원해 주민 쉼터로 탈바꿈시키며 마을의 역사와 문화를 보존하는 데... ",2024-10-07
"함평군 우평마을, '청정전남 으뜸마을 사업'으로 마을 소멸 위기 극복 ...",https://www.pointdaily.co.kr/news/articleView.html?idxno=220909,https://www.pointdaily.co.kr/news/articleView.html?idxno=220909,"지난해 우평마을은 함평군의 상징인 나비, 국화, <b>한우</b> 등의 벽화를 그려 마을 분위기를 개선했고 올해에는 쓰레기 무단 투기 장소였던 낡은 우물을 복원해 주민 쉼터로 탈바꿈시키며 마을의 역사와 문화를 보존하는 데... ",2024-10-07
"최재필 경주시의원, &quot;지역 대표적인 먹거리 개발 시급&quot;",http://www.m-i.kr/news/articleView.html?idxno=1165672,http://www.m-i.kr/news/articleView.html?idxno=1165672,"최 의원은 포항물회, 영덕대게, 전주비빔밥 등을 예로 들면서 경주시도 <b>한우</b>·곤달비·국수 등 풍부한 먹거리 자원을 갖고 있음에도 이를 활용하는 부분이 부족하다고 지적했다. 이어 &quot;최근 맛을 넘어 즐거운 경험을... ",2024-10-07
"살벌한 회장님 욕설 공개됐다 “대가리 확 X불어” “XX식아, 너 몇 살이...",https://www.wikitree.co.kr/articles/988964,https://www.wikitree.co.kr/articles/988964,뉴월드통상은 최근 중소벤처기업부 감사에서 젖소 불고기를 1등급 <b>한우</b>로 둔갑시켜 판매한 사실이 적발된 회삳. 수입산 소고기를 국내산으로 속여 납품한 사례도 있었다.,2024-10-07
"&quot;연예인병&quot;vs&quot;예능적 상황&quot;..김종민→조세호·딘딘, 스태프 무시 인성 논...",http://www.osen.co.kr/article/G1112430727,https://m.entertain.naver.com/article/109/0005169893,"문세윤은 매너 점수에서 6점을 획득하며 단숨에 공동 3위로 점프, <b>한우</b> 한상을 먹는 행운을 누렸다. 방송 후 이 부분을 두고 논란이 일었다. 일각에서는 가까이에서 스태프가 무거운 짐을 옮기는데 이를 본체만체... ",2024-10-07
"당진 고대농협, 황토고구마 축제 성황리에 개최",https://www.nongmin.com/article/20241007500450,https://n.news.naver.com/mnews/article/662/0000053551?sid=102,제공 ▲<b>한우</b>고기 할인판매 등 다채로운 프로그램으로 진행됐다. 고구마 수확체험은 가장 많은 인기를 얻었다. 축제장에서 도보로 약 10분 거리에 위치한 고구마 밭에서 진행된 수확체험에는 사전 예약을 한 수 많은... ,2024-10-07
"함평군, 산불 피해목 재활용…탄소중립 실천 '보탬'",http://www.jnilbo.com/75026144688,http://www.jnilbo.com/75026144688,"군은 이번 사업으로 상반기에 벌채된 면적 29㏊에 대한 산불 피해목을 재활용, 100톤의 펠릿을 함평군축산관련단체협의회를 통해 <b>한우</b>농가 100가구에 지난달 26일 무상 공급했다. 함평군은 이번 사업을 통해 산불 피해목을... ",2024-10-07
전북서 즐긴 완연한 가을 정취…곳곳서 축제 '풍성',http://www.agrinet.co.kr/news/articleView.html?idxno=331215,http://www.agrinet.co.kr/news/articleView.html?idxno=331215,또한 오직 와일드&amp;로컬푸드축제에서만 체험할 수 있는 화덕체험은 맨손으로 잡은 물고기와 고산농협에서 판매하는 <b>한우</b>를 구워 먹을 수 있도록 조성해 야생의 맛과 캠핑의 분위기를 느낄 수 있었다. 유희태 완주군수는... ,2024-10-07
"평택시, 럼피스킨 추가 확산 차단 총력 대응",https://www.kmaeil.com/news/articleView.html?idxno=474970,https://www.kmaeil.com/news/articleView.html?idxno=474970,"관내 <b>한우</b>농장(22마리 사육)에서 럼피스킨이 확진됨에 따라, 지난 4일 임종철 부시장 주재로 긴급 재난안전대책본부회의를 개최하고 럼피스킨 발생 상황과 방역 대책을 점검했다. 평택시는 관내 <b>한우</b>농장에서 럼피스킨이... ",2024-10-07
[합천소식]수려한합천 고교 1학년 축구 페스티벌 종료 등,https://www.newsis.com/view/NISX20241007_0002911287,https://n.news.naver.com/mnews/article/003/0012824231?sid=102,합천축협과 합천유통은 지역특산품인 합천황토<b>한우</b> 육포와 영호진미 등을 참가 선수들에게 제공했다. 여성민방위기동대 합천군연합회 정기총회·간담회 개최 여성민방위기동대 경남 합천군연합회(회장 김미자)는 7일... ,2024-10-07
강원특별자치도 2000억원 규모 지역발전사업 지원,https://www.newspim.com/news/view/20241007000722,https://www.newspim.com/news/view/20241007000722,"또 평창대관령음악제(도 추진, 14억 원), 원주 댄싱카니발(원주, 14억 원), 동해 무릉제(동해, 8억 원), 홍천 인삼<b>한우</b> 명품축제(홍천, 5억 원), 횡성 <b>한우</b>축제(횡성, 22억 원), 정선아리랑제(정선, 22억 원) 등 지역의 대표... ",2024-10-07
"﻿백종원의 ‘바가지 타파’, 이번에도 통했다…148만명 방문한 탈춤 축...",https://www.chosun.com/national/regional/2024/10/07/2UFQC3TTWFF5VATGRG4G5VV7BQ/?utm_source=naver&utm_medium=referral&utm_campaign=naver-news,https://n.news.naver.com/mnews/article/023/0003862612?sid=102,"이 밖에도 안동 지역 특산품인 간고등어와 안동 참마, 안동 <b>한우</b> 등을 활용한 고등어 김밥과 고등어 케밥, 간고등어 국밥, 안동참마 돼지육전버거, 안동 <b>한우</b>곱창모듬 등을 선보였다. 가격은 시중 음식점과 비슷하거나... ",2024-10-07
"장바구니 물가 잡는 마법사! 롯데마트, 특가 행사 오픈",https://www.apnews.kr/news/articleView.html?idxno=3025510,https://www.apnews.kr/news/articleView.html?idxno=3025510,"더불어 '호주산 청정 와규 전품목'에 대해 행사카드(롯데/신한) 결제 시 최대 50% 할인 혜택을 제공하고, '요리하다 제주 흑돼지 불고기 2종(각 1kg/냉장)'과 '<b>한우</b> 1등급 국거리/불고기(1kg/냉장)'는 엘포인트 회원... ",2024-10-07
"평택시, 럼피스킨 추가 확산 차단 총력 대응",http://www.metroseoul.co.kr/article/20241007500230,http://www.metroseoul.co.kr/article/20241007500230,평택시 임종철 부시장 주재 긴급 재난안전대책본부회의 모습 (평택시 제공) 평택시가 관내 <b>한우</b>농장에서 럼피스킨이 확진됨에 따라 방역 대책에 나섰다. 시는 지난 3일 관내 <b>한우</b>농장(22마리 사육)에서 럼피스킨이... ,2024-10-07
"강원도, 2천45억원 규모 지방재정 투자사업 승인",https://www.yna.co.kr/view/AKR20241007098300062?input=1195m,https://n.news.naver.com/mnews/article/001/0014968585?sid=102,"또 평창대관령음악제(14억원), 원주 댄싱카니발(14억원), 동해 무릉제(8억원), 홍천 인삼<b>한우</b> 명품축제(5억원), 횡성<b>한우</b>축제(22억원), 정선아리랑제(22억원) 등 지역 대표 행사도 이번에 재심사받고 통과됐다. 지방재정... ",2024-10-07
2024 수려한합천 고등학교1학년 축구 페스티벌 성료,https://www.newsgn.com/news/articleView.html?idxno=442489,https://www.newsgn.com/news/articleView.html?idxno=442489,"특히, 합천축협과 합천유통은 지역특산품인 합천황토<b>한우</b> 육포와 영호진미 등을 참가 선수들에게 제공해 대회의 품격을 더했다. 김윤철 합천군수는 &quot;이번 대회는 고교 축구 메카로서의 합천을 알리고, 지역경제 활성화를... ",2024-10-07
"990원 삼겹살·반값 와규...롯데마트, 신선·가공식품 할인행사",http://www.4th.kr/news/articleView.html?idxno=2070724,http://www.4th.kr/news/articleView.html?idxno=2070724,"'요리하다 제주 흑돼지 불고기 2종'과 '<b>한우</b> 1등급 국거리·불고기'는 엘포인트 회원 대상으로 각 50%, 40% 할인 판매된다. 수산에서는 '서해안 햇꽃게'에 대해 엘포인트 회원 대상으로 30% 할인 혜택이 제공되며 '고등어... ",2024-10-07
"문경약돌<b>한우</b>축제, 10만명 찾아 7억원 매출 기록",http://www.breaknews.com/1061112,http://www.breaknews.com/1061112,문경약돌<b>한우</b>축제가 10만 여명이 축제장을 찾아 7억 원의 매출을 기록하며 성황리에 마무리됐다. 7일 시에 따르면 문경약돌<b>한우</b>의 우수성을 널리 알리기 위해 기획된... ,2024-10-07
"롯데마트, 990원 삼겹살과 반값 와규 선보여",http://www.metroseoul.co.kr/article/20241007500354,http://www.metroseoul.co.kr/article/20241007500354,"더불어 '호주산 청정 와규 전품목'에 대해 행사카드(롯데/신한) 결제 시 최대 50% 할인 혜택을 제공하고, '요리하다 제주 흑돼지 불고기 2종(각 1㎏/냉장)'과 '<b>한우</b> 1등급 국거리/불고기(1㎏/냉장)'는 엘포인트 회원... ",2024-10-07
"영광군, 영광승마장, 전국승마대회 장애물 부문 4관왕 쾌거",https://www.geconomy.co.kr/news/article.html?no=289831,https://www.geconomy.co.kr/news/article.html?no=289831,"- 영광승마장 승마교관 2명, 유소년승마단 2명 장애물 부문 수상 - 지이코노미 박진권 기자 | 지난 9월 28일부터 29일까지 이틀간 장수승마장에서 열린 ‘제9회 장수 <b>한우</b>랑 사과랑 전국지구력승마대회’에서 영광승마장... ",2024-10-07
"평택시, '<b>한우</b>농가 럼피스킨 확진' 긴급 재난안전대책본부회의 열어",https://www.onews.tv/news/articleView.html?idxno=221301,https://www.onews.tv/news/articleView.html?idxno=221301,내 <b>한우</b>농장(22마리 사육)에서 럼피스킨이 확진됨에 따라 4일 오후 4시 30분 임종철 부시장 주재로 긴급 재난안전대책본부회의를 개최하고 럼피스킨 발생 상황과 방역 대책을 점검했다고 밝혔다. 시에 따르면 지역 내 <b>한우</b>... ,2024-10-07
"롯데마트, 990원 삼겹살과 반값 와규 선봬",http://www.smedaily.co.kr/news/articleView.html?idxno=305499,http://www.smedaily.co.kr/news/articleView.html?idxno=305499,"더불어 '호주산 청정 와규 전품목'에 대해 행사카드(롯데/신한) 결제 시 최대 50% 할인 혜택을 제공하고, '요리하다 제주 흑돼지 불고기 2종(각 1kg/냉장)'과 '<b>한우</b> 1등급 국거리/불고기(1kg/냉장)'는 엘포인트 회원... ",2024-10-07
[2024 국감] 유통·식품업계 포커스는?...불공정 거래 의혹 때린다,http://www.popcornnews.net/news/articleView.html?idxno=66171,http://www.popcornnews.net/news/articleView.html?idxno=66171,지난해 추석 기간 판매한 1등급 <b>한우</b> 불고기 제품에서 젖소의 DNA가 검출됐는데 이를 알고도 은폐한 것으로 나타났다. 기존 산자위 증인으로 채택됐던 류광진 티몬 대표와 류화현 위메프 대표 이름은 최종 명단에서 빠졌다.... ,2024-10-07
'오늘N' <b>한우</b>사골칼국수&amp;보쌈 등 맛집 비결은?,https://www.mediapen.com/news/view/959624,https://www.mediapen.com/news/view/959624,'한 끼에 얼마예요?'는 인천광역시 중구에 위치한 <b>한우</b>사골칼국수&amp;보쌈 맛집을 찾아 비결을 알아본다. '돈 버는 직업N'은 오래된 소파를 복원하는 출장 소파 수리 전문가를 만난다. 사진=MBC '오늘N' 홈페이지 '지구촌... ,2024-10-07
"영광승마장, 전국승마대회 장애물 부문 4관왕 쾌거",https://www.cnbnews.com/news/article.html?no=684942,https://www.cnbnews.com/news/article.html?no=684942,‘제9회 장수 <b>한우</b>랑 사과랑 전국지구력승마대회’에서 영광승마장 소속 유소년승마단원 2명과 승마교관... 장수 <b>한우</b>랑 사과랑 전국지구력승마대회’에서 영광승마장 소속 유소년승마단원 2명과 승마교관 2명이 각각... ,2024-10-07
"SK스토아, ‘워커힐 고메 노엣지 피자’ 출시",https://zdnet.co.kr/view/?no=20241007140604,https://n.news.naver.com/mnews/article/092/0002347766?sid=105,특히 지난 7월 SK스토아가 선보인 ‘워커힐 고메 한돈<b>한우</b> 함박스테이크’는 출시 약 3개월만에 누적 판매량이 16만 팩을 돌파하기도 했다. 이에 SK스토아는 다시 한 번 워커힐호텔과 손잡고 신상품을 내놨다. 워커힐호텔... ,2024-10-07
"함평군 우평마을, '청정전남 으뜸마을 사업'으로 마을 소멸 위기 극복 ...",https://www.cnbnews.com/news/article.html?no=684913,https://www.cnbnews.com/news/article.html?no=684913,"지난해 우평마을은 함평군의 상징인 나비, 국화, <b>한우</b> 등의 벽화를 그려 마을 분위기를 개선했고, 올해에는 쓰레기 무단 투기 장소였던 낡은 우물을 복원해 주민 쉼터로 탈바꿈시키며 마을의 역사와 문화를 보존하는 데... ",2024-10-07
"후반기 충북도의회, 개원 100일 맞이 의정 활동 공유",https://www.newscj.com/news/articleView.html?idxno=3185948,https://www.newscj.com/news/articleView.html?idxno=3185948,"또한 의회는 주요 쟁점 사안에 대해 단양천댐 계획 백지화 건의안, <b>한우</b>농가 경영 안정 대책 마련 촉구를 위한 대정부 건의안 등을 채택했다. 이밖에 의회는 '인구소멸대응 대책 특별위원회'를 구성하고 폭우 피해를... ",2024-10-07
"[국감2024] 서천호 의원 “배달앱 내 원산지 표기 위반, 5년 새 102배 증...",https://www.ddaily.co.kr/page/view/2024100711571906586,https://n.news.naver.com/mnews/article/138/0002183797?sid=101,"개회 직전 더불어민주당은 ‘쌀값, <b>한우</b>값 폭락! 무대책 윤석열 정권’ 피켓을 책상에 붙이고, 폭락한 쌀값을 두고 윤석열 정부를 질타했다. 피켓이 떼어진 후에야 농해수위 소속 국민의힘 의원들이 국정감사 진행을... ",2024-10-07
"‘1박 2일’, 레전드 예능 ‘가족오락관’ → ‘1박오락관’으로 전격 ...",https://www.ekn.kr/web/view.php?key=20241007023091424,https://www.ekn.kr/web/view.php?key=20241007023091424,"미션 결과, 문세윤이 수박을 든 막내 작가를 도와주며 홀로 '매너' 영역 점수 6점을 획득해 극적으로 최고급 홍성 <b>한우</b>를 먹을 수 있게 됐다. 저녁식사를 마치고 베이스캠프 내부로 들어온 '1박 2일' 팀은 바닥에 깔린 여섯... ",2024-10-07
"영천시, 제12회 영천와인페스타 with 영천별빛<b>한우</b> 구이축제 개최",https://www.ekn.kr/web/view.php?key=20241007025111407,https://www.ekn.kr/web/view.php?key=20241007025111407,영천별빛<b>한우</b>를 강변공원에서 즐겨요 영천=에너지경제신문 손중모기자 국내외에서 우수한 품질로 높은 평가를 받고 있는 영천와인을 한 자리에서 만날 수 있는 영천와인페스타가 영천별빛<b>한우</b> 구이축제와 함께 오는 12... ,2024-10-07
"[위클리오늘] 평택시, 럼피스킨 추가 확산 차단 총력 대응",http://www.weeklytoday.com/news/articleView.html?idxno=654588,http://www.weeklytoday.com/news/articleView.html?idxno=654588,"평택시는 지난 3일 관내 <b>한우</b>농장(22마리 사육)에서 럼피스킨이 확진됨에 따라, 4일 16:30에 임종철 부시장 주재로 긴급 재난안전대책본부회의를 개최하고 럼피스킨 발생 상황과 방역 대책을 점검했다. 평택시는 관내 <b>한우</b>... ",2024-10-07
경기 평택시 럼피스킨 추가 확산 차단 총력 대응,http://www.globalepic.co.kr/view.php?ud=20241007135750147648439a4874_29,http://www.globalepic.co.kr/view.php?ud=20241007135750147648439a4874_29,"관내 <b>한우</b>농장(22마리 사육)에서 럼피스킨이 확진됨에 따라, 4일 16:30에 임종철 부시장 주재로 긴급 재난안전대책본부회의를 개최하고 럼피스킨 발생 상황과 방역 대책을 점검했다고 밝혔다. 평택시는 관내 <b>한우</b>농장에서... ",2024-10-07
"“이 맛에 5000원?” 백종원 ‘고등어 김밥’ 통했나…안동 축제, 140만명...",http://www.edaily.co.kr/news/newspath.asp?newsid=02706006639050624,https://n.news.naver.com/mnews/article/018/0005852736?sid=102,"‘안동<b>한우</b>곱창모듬’(1만 3000원) 등을 개발해 저렴한 가격에 판매했다. 다만 지역상권과 연계한 공동 성장을 더 확장하고, 글로벌한 축제로 발전하기 위해 고민해야 할 숙제가 남았다는 평가도 있었다. ▲산발적 운영... ",2024-10-07
"강원도 지방재정 투자심사 결과 36개 사업, 2045억원 통과",http://www.fnnews.com/news/202410071340523003,https://n.news.naver.com/mnews/article/014/0005249916?sid=102,또한 △평창대관령음악제(14억원) △원주 댄싱카니발(14억원) △동해 무릉제(8억원) △홍천 인삼<b>한우</b> 명품축제(5억원) △횡성 <b>한우</b>축제(22억원) △정선아리랑제(22억원) 등 지역 대표 관광축제로 자리잡고 있는 행사성... ,2024-10-07
"정부-생산자단체-학계, <b>한우</b> 수급안정·발전 위해 머리 맞대",http://www.metroseoul.co.kr/article/20241007500315,http://www.metroseoul.co.kr/article/20241007500315,/뉴시스 농림축산식품부가 지난달 민당정 협의회에서 발표한 '<b>한우</b> 수급안정 및 중장기 발전대책'을 차질 없이 추진하고자 '<b>한우</b> 수급안정 및 발전대책 협의체(TF)'를 구성했다고 7일 밝혔다. 협의체는 오는 10일... ,2024-10-07
"홍성군 광성읍, 10월 '광천 방문의 달' 볼거리·즐길거리 가득",https://www.jeonmae.co.kr/news/articleView.html?idxno=1080536,https://www.jeonmae.co.kr/news/articleView.html?idxno=1080536,"수제 젓갈 만들기, 개성 가득 김밥 만들기, 토굴새우젓 김장김치 담그기, 토굴 체험, 김 구이 체험 등 관광객 참여 프로그램과 김 젤라또 무료시식, <b>한우</b>·한돈 무료시식회도 마련된다. 26일에는 두 개의 큰 행사가 동시에... ",2024-10-07
"평택시, 럼피스킨 추가 확산 차단 총력 대응",http://www.breaknews.com/1061078,http://www.breaknews.com/1061078,"지난 3일 관내 <b>한우</b>농장(22마리 사육)에서 럼피스킨이 확진됨에 따라, 4일 16:30에 임종철 부시장 주재로 긴급 재난안전대책본부회의를 개최했다. 평택시는 관내 <b>한우</b>... ",2024-10-07
"롯데마트, 990원 삼겹살과 반값 와규 판매",https://www.dailysmart.co.kr/news/articleView.html?idxno=93440,https://www.dailysmart.co.kr/news/articleView.html?idxno=93440,"호주산 청정 와규 전 품목은 롯데와 신한카드로 결제 시 최대 50% 할인하고, '요리하다 제주 흑돼지 불고기' 2종과 '<b>한우</b> 1등급 국거리·불고기'는 엘포인트 회원을 대상으로 각각 50%, 40% 할인 판매한다. 아울러 서해안... ",2024-10-07
"롯데마트, 990원 삼겹살과 반값 와규 선보인다",https://www.smartfn.co.kr/article/view/sfn202410070057,https://www.smartfn.co.kr/article/view/sfn202410070057,"더불어 ‘호주산 청정 와규 전품목’에 대해 행사카드(롯데/신한) 결제 시 최대 50% 할인 혜택을 제공하고, ‘요리하다 제주 흑돼지 불고기 2종(각 1kg/냉장)’과 ‘<b>한우</b> 1등급 국거리/불고기(1kg/냉장)’는 엘포인트... ",2024-10-07
"[위클리오늘] 강원특별자치도, 2,000억 원 규모 지역 발전사업 지원",http://www.weeklytoday.com/news/articleView.html?idxno=654583,http://www.weeklytoday.com/news/articleView.html?idxno=654583,"또한, 평창대관령음악제(도 추진, 14억 원), 원주 댄싱카니발(원주, 14억 원), 동해 무릉제(동해, 8억 원), 홍천 인삼<b>한우</b> 명품축제(홍천, 5억 원), 횡성 <b>한우</b>축제(횡성, 22억 원), 정선아리랑제(정선, 22억 원) 등 지역의 대표... ",2024-10-07
"제12대 후반기 충북도의회, 개원 100일 '일 잘하는 의회' 토대 마련",http://www.newstnt.com/news/articleView.html?idxno=417735,http://www.newstnt.com/news/articleView.html?idxno=417735,"처한 <b>한우</b>농가를 지원하기 위한 '<b>한우</b>농가 경영 안정 대책 마련 촉구를 위한 대정부 건의안'도 채택했다. 충북도 2회 추가경정예산안에 대해서는 7개 사업 27억 7,397만원을 삭감하였고, 충북도교육비특별회계 2회... ",2024-10-07
"&quot;990원 삼겹살·반값 와규&quot;…롯데마트, 신선·가공식품 할인 행사",https://www.ziksir.com/news/articleView.html?idxno=70654,https://www.ziksir.com/news/articleView.html?idxno=70654,"더불어 '호주산 청정 와규 전품목'에 대해 행사카드 결제 시 최대 50% 할인 혜택을 제공하고, '요리하다 제주 흑돼지 불고기 2종'과 '<b>한우</b> 1등급 국거리/불고기'는 엘포인트 회원 대상으로 각 50%, 40% 할인 판매한다. 또한... ",2024-10-07
"호두과자 주다호두, 오늘 DSR 팝업스토어 론칭",https://www.ajunews.com/view/20241007132825378,https://www.ajunews.com/view/20241007132825378,"미트파이 본고장 영국의 맛을 살리기 위해 <b>한우</b> 100%의 육함량의 수제 세미드라이 토마토, 구운 할라피뇨를 넣어 만든 비법 레시피의 미트파이는 저렴한 가격에 즐길 수 있다. 회사 관계자는 &quot;더현대 서울 팝업스토어... ",2024-10-07
"강원자치도, 2,000억 원 규모 지역 발전사업 지원",https://www.sportsseoul.com/news/read/1466771?ref=naver,https://n.news.naver.com/mnews/article/468/0001098082?sid=102,"또한, 평창대관령음악제(도 추진, 14억 원), 원주 댄싱카니발(원주, 14억 원), 동해 무릉제(동해, 8억 원), 홍천 인삼<b>한우</b> 명품축제(홍천, 5억 원), 횡성 <b>한우</b>축제(횡성, 22억 원), 정선아리랑제(정선, 22억 원) 등 지역의 대표... ",2024-10-07
"[성금내역] 아기 살리고 싶은 응우옌 티린 씨에 2,480만원 전달",https://www.imaeil.com/page/view/2024100710085921255,https://n.news.naver.com/mnews/article/088/0000908251?sid=102,이 성금엔 ▷㈜다우약품(윤종규) 50만원 ▷김영준치과의원 10만원 ▷참<b>한우</b>소갈비집(신동애) 5만원 ▷㈜명EFC(권기섭) 5만원 ▷채움행정사무소(김원일) 2만원 ▷문심학 30만원 ▷박철기 20만원 ▷전시형 10만원... ,2024-10-07
농식품부 '<b>한우</b> 수급안정 TF' 10일 첫 회의…<b>한우</b> 관련 대책 실효성 높인...,http://www.newsian.co.kr/news/articleView.html?idxno=73554,http://www.newsian.co.kr/news/articleView.html?idxno=73554,"농림축산식품부는 '<b>한우</b> 수급 안정 및 발전 대책 협의체'를 구성하고, 오는 10일 정부세종컨벤션센터에서... [사진=뉴시스] ［뉴시안= 이태영 기자］농림축산식품부는 지난 9월 민당정 협의회에서 발표한 '<b>한우</b> 수급 안정 및... ",2024-10-07
홍천군 인삼·<b>한우</b> 명품축제 성료…&quot;농가 소득에 기여&quot;,http://www.segye.com/newsView/20241007513558?OutUrl=naver,https://n.news.naver.com/mnews/article/022/0003974467?sid=102,"제22회 홍천 인삼·<b>한우</b> 명품축제가 이달 6일 성황리에 막을 내렸다. 올해 축제는 3일부터 6일까지 나흘간 홍천 도시산림공원 토리숲에서 개최됐다. '건강하蔘(삼) 훌륭하牛(우)'라는 슬로건 아래, 인삼과 <b>한우</b>의 우수성을... ",2024-10-07
"함평군 우평마을, '청정전남 으뜸마을 사업' 공동체 활동 전개",https://www.smartfn.co.kr/article/view/sfn202410070056,https://www.smartfn.co.kr/article/view/sfn202410070056,"지난해 우평마을은 함평군의 상징인 나비, 국화, <b>한우</b> 등의 벽화를 그려 마을 분위기를 개선했고, 올해에는 쓰레기 무단 투기 장소였던 낡은 우물을 복원해 주민 쉼터로 탈바꿈시키며 마을의 역사와 문화를 보존하는 데... ",2024-10-07
"<b>한우</b> 전문점 서울<b>한우</b>, 남대문에 매장 오픈.. “<b>한우</b>갈비탕 최저가 혁신...",http://www.globalepic.co.kr/view.php?ud=20241007133245321148439a4874_29,http://www.globalepic.co.kr/view.php?ud=20241007133245321148439a4874_29,"서울 한복판 남대문에 자리 잡은 ㈜하이블러의 '서울<b>한우</b>'가 국내산 <b>한우</b> 100%로 만든 갈비탕을 전국 최저가로 제공하며 <b>한우</b> 애호가들의 발길을 모으고 있다. 서울<b>한우</b>는 매장 오픈 기념으로 25,000원 ‘<b>한우</b>갈비탕’을 15... ",2024-10-07
<b>한우</b>농가 럼피스킨 확진...평택시 확산 차단에 '총력',http://news.mt.co.kr/mtview.php?no=2024100713124253784,https://n.news.naver.com/mnews/article/008/0005097522?sid=102,경기 평택시가 지난 3일 관내 <b>한우</b>농장에서 럼피스킨이 확진됨에 따라 4일부터 긴급 재난안전대책본부회의를 열고 방역대책에 나섰다. 먼저 시는 럼피스킨 발생 농장의 양성개체 3두를 신속히 살처분하고 소독 차량과... ,2024-10-07
"평택시, 관내 <b>한우</b>농장에서 '럼피스킨' 확진됨에 따라, 발생농장의 양성...",https://www.cnbnews.com/news/article.html?no=684910,https://www.cnbnews.com/news/article.html?no=684910,"평택시는 지난 3일 관내 <b>한우</b>농장(22마리 사육)에서 럼피스킨이 확진됨에 따라, 4일 임종철 부시장 주재로 긴급 재난안전대책본부회의를 개최하고 럼피스킨 발생 상황과 방역 대책을 점검했다. 평택시는 관내 <b>한우</b>농장에서... ",2024-10-07
<b>한우</b> 수급 안정·발전 대책 협의체 가동,https://www.daejonilbo.com/news/articleView.html?idxno=2159144,https://n.news.naver.com/mnews/article/656/0000106897?sid=102,"농림축산식품부는 <b>한우</b> 수급 안정 및 중장기 발전 대책을 차질 없이 추진하고자 <b>한우</b> 수급 안정·발전 대책 협의체(TF)를 구성하고, 오는 10일 정부세종컨벤션센터에서 첫 회의를 연다고 7일 밝혔다. 협의체(TF)는 농식품부... ",2024-10-07
[문경소식] 약돌<b>한우</b>축제 3일간 10만명 방문,https://www.moneys.co.kr/article/2024100711381493229,https://n.news.naver.com/mnews/article/417/0001031089?sid=102,경북 문경시가 지난 4일부터 6일까지 3일간 문경새재 도립공원 일대에서 열린 2024년 문경약돌<b>한우</b>축제를 성황리에 막을 내렸다. 이번 축제는 문경약돌<b>한우</b>의 우수성을 널리 알리기 위해 기획되었으며 축제 첫날인 4일... ,2024-10-07
&quot;北서 소고기 먹으면 사형&quot; 이순실 충격 증언… 왜 그런가 물으니?,https://health.chosun.com/site/data/html_dir/2024/10/07/2024100701324.html,https://n.news.naver.com/mnews/article/346/0000081103?sid=103,"소고기는 수입품보다는 <b>한우</b>가 지방과 콜레스테롤 함량이 낮고, 도축된 후 2주 안에 소비되므로 신선하다. 고기를 먹을 때 상추나 깻잎 등의 채소를 곁들여 먹으면 콜레스테롤의 배출을 돕고 지방의 흡수를 저해하며... ",2024-10-07
"보은군, 럼피스킨 병 긴급 백신접종",https://www.inews365.com/news/article.html?no=833861,https://www.inews365.com/news/article.html?no=833861,"이번 긴급 백신접종은 지난달 11일 강원도 양구의 한 <b>한우</b>농장에서 처음 발생한 뒤 경기 여주와 평택, 충북 충주에서도 추가 발생한 럼피스킨 병의 확산을 차단하려는 조처다. 접종 대상은 소 3만5천422마리다. 50마리... ",2024-10-07
임실N치즈축제 관광객 58만여명 방문 역대 최다 기록,https://www.asiatoday.co.kr/view.php?key=20241007010002985,https://www.asiatoday.co.kr/view.php?key=20241007010002985,"동시다발 지역축제 속 전국 관광객 몰이 대성공, 국내 최대 치즈축제 재입증 천만송이 국화꽃 경관, 12개 읍면 생활개선회 축제 맛집 등극·암소 <b>한우</b> 호평 10주년 전북 임실N치즈축제에 전국 각지에서 58만여명의... ",2024-10-07
"[현장 이슈] 장흥의 농어업 혁신가, 김성 군수가 들려주는 성공 비법",https://www.geconomy.co.kr/news/article.html?no=289822,https://www.geconomy.co.kr/news/article.html?no=289822,"김성 군수는 장흥<b>한우</b>를 중심으로 친환경 생태축산 모델을 구축해, 환경과 조화를 이루며 악취 문제 해결에도 주력하고 있다. 이를 통해 장흥<b>한우</b>는 지속 가능한 축산 모델로 자리 잡았으며, 지역 농가들이 안정적으로... ",2024-10-07
"평택시, 럼피스킨 발생 방역과 추가확산 대책 및 점검",http://www.seoulfn.com/news/articleView.html?idxno=534545,http://www.seoulfn.com/news/articleView.html?idxno=534545,"경기 평택시는 지난 3일 관내 <b>한우</b>농장(22마리 사육)에서 럼피스킨이 확진됨에 따라, 임종철 부시장 주재로 긴급 재난안전대책본부회의를 4일 개최하고 방역 대책을 점검했다고 밝혔다. 시는 관내 <b>한우</b>농장에서 럼피스킨이... ",2024-10-07
송미령 &quot;할당관세 소고기 수입…<b>한우</b> 가격 하락 원인 아냐&quot;,https://www.newsis.com/view/NISX20241007_0002911048,https://n.news.naver.com/mnews/article/003/0012823840?sid=101,소고기의 경우 우리 <b>한우</b>와 수입산은 시장이 다르다&quot;라고 선을 그었다. 송 장관은 이날 오전 국회... 국내 <b>한우</b> 농가의 피해가 발생한다'는 지적에 대해 이같이 답변했다. 송 장관은 &quot;모든 품목에 대해 할당관세를... ,2024-10-07
"평택시, 럼피스킨 추가 확산 방지 총력 대응",https://www.newsis.com/view/NISX20241007_0002911069,https://n.news.naver.com/mnews/article/003/0012823839?sid=102,경기 평택시는 지난 3일 관내 <b>한우</b>농장에서 럼피스킨이 확진되자 확산차단을 위한 총력 대응에 나섰다. 7일 평택시에 따르면 22마리를 사육중인 <b>한우</b>농장에서 럼피스킨이 확진된 직후 양성반응이 나타난 3두를 살처분하고... ,2024-10-07
"충북도의회, 민생 중심 의정활동 매진...3회 임시회 안건 77건 처리",https://www.gukjenews.com/news/articleView.html?idxno=3104917,https://www.gukjenews.com/news/articleView.html?idxno=3104917,도의회는 '단양천 기후대응댐 후보지 선정 전면 백지화 건의안'을 통해 단양천댐 계획의 전면 백지화를 요구하는 한편 생산비 폭등과 경락가 폭락으로 어려움에 처한 <b>한우</b>농가를 지원하기 위한 '<b>한우</b>농가 경영 안정... ,2024-10-07
환경도 지키고 농가도 살리는 에너지 절약 현장 속으로!,https://science.ytn.co.kr/program/view.php?mcd=1185&hcd=&key=202410071254588775,https://science.ytn.co.kr/program/view.php?mcd=1185&hcd=&key=202410071254588775,경쟁력을 높이기 위해서는 에너지 절약이 필수! 신기술을 도입해 에너지 효율도 높이고 농업 경영비를 절감하고 있는 양평 딸기 농가 &amp; 경산 <b>한우</b> 농가를 황금나침반에서 직접 찾아가 봤습니다!,2024-10-07
농식품부 '<b>한우</b> 수급안정 TF' 가동…월 1회 이상 개최,https://www.newsworks.co.kr/news/articleView.html?idxno=767989,https://www.newsworks.co.kr/news/articleView.html?idxno=767989,"농림축산식품부는 <b>한우</b> 수급 안정 및 발전 대책 협의체(TF)를 구성하고 오는 10일 정부세종컨벤션센터에서 김정욱 축산정책관 주재로 첫 회의를 개최한다고 7일 밝혔다. 협의체는 농식품부, <b>한우</b>협회, <b>한우</b>자조금... ",2024-10-07
"롯데마트, 990원 삼겹살·반값 와규 공개...연휴 뒤 집밥 걱정 던다",https://www.ajunews.com/view/20241007101707187,https://www.ajunews.com/view/20241007101707187,"'요리하다 제주 흑돼지 불고기 2종(각 1kg/냉장)'과 '<b>한우</b> 1등급 국거리·불고기(1kg/냉장)'는 엘포인트 회원 대상으로 각 50%, 40% 할인한다. 수산에서는 '서해안 햇꽃게(100g)'를 엘포인트 회원 대상으로 30% 할인하고... ",2024-10-07
"함평군 우평마을, '청정전남 으뜸마을 사업'... 마을 소멸 위기 극복 나...",http://www.newsworker.co.kr/news/articleView.html?idxno=350522,http://www.newsworker.co.kr/news/articleView.html?idxno=350522,"지난해 우평마을은 함평군의 상징인 나비, 국화, <b>한우</b> 등의 벽화를 그려 마을 분위기를 개선했고, 올해에는 쓰레기 무단 투기 장소였던 낡은 우물을 복원해 주민 쉼터로 탈바꿈시키며 마을의 역사와 문화를 보존하는 데... ",2024-10-07
[영상] 정부 댐 건설 강행하면? 청양군수가 꺼낸 '군수 승인권',https://www.ohmynews.com/NWS_Web/View/at_pg.aspx?CNTN_CD=A0003068388&CMPT_CD=P0010&utm_source=naver&utm_medium=newsearch&utm_campaign=naver_news,https://n.news.naver.com/mnews/article/047/0002448055?sid=102,"청양읍 주민자치회, 대치면 주민자치회, 남양면 주민자치회, 청양 농민회, 지천생태모임, 청양전통시장상인회, <b>한우</b>협회, 양돈협회 등 80여 개 단체들은 지난 9월 10일부터 청양군청 앞에 천망농성장을 꾸리고 피켓시위와... ",2024-10-07
[국감]국감장에 등장한 <b>한우</b>,https://www.news1.kr/photos/6914299,https://n.news.naver.com/mnews/article/421/0007828502?sid=100,이병진 더불어민주당 의원이 7일 오전 서울 여의도 국회에서 열린 농림축산식품해양수산위원회의 농림축산식품부에 대한 국정감사에서 송미령 농림축산식품부 장관에게 <b>한우</b> 가격 관련 질의하고 있다. 2024.10.7/뉴스1,2024-10-07
백종원표 ‘고등어김밥’이 4000원…140만명 몰린 축제,https://www.seoul.co.kr/news/society/accident/2024/10/07/20241007500079?wlog_tag3=naver,https://n.news.naver.com/mnews/article/081/0003485179?sid=102,"안동<b>한우</b> 등을 활용한 메뉴를 판매했다. 간고등어바베큐(9000원), 고등어케밥(6000원), 간고등어국밥(7000원), 안동참마돼지육전버거(5000원), 안동찜닭(1만 8000원) 안동<b>한우</b>곱창모듬(1만 3000원) 등을 시중 음식점과... ",2024-10-07
[국감]<b>한우</b> 선물세트 들고 국정감사 질의,https://www.news1.kr/photos/6914300,https://n.news.naver.com/mnews/article/421/0007828503?sid=100,이병진 더불어민주당 의원이 7일 오전 서울 여의도 국회에서 열린 농림축산식품해양수산위원회의 농림축산식품부에 대한 국정감사에서 송미령 농림축산식품부 장관에게 육류 가격 관련 질의하고 있다. 2024.10.7/뉴스1,2024-10-07
함평군 우평마을 '청정전남 으뜸마을 사업'으로 공동체 활성화,https://www.polinews.co.kr/news/articleView.html?idxno=666283,https://www.polinews.co.kr/news/articleView.html?idxno=666283,"우평마을은 함평군의 상징인 나비, 국화, <b>한우</b> 등의 벽화를 그려 마을 분위기를 개선했고, 올해에는 쓰레기 무단 투기 장소였던 낡은 우물을 복원해 주민 쉼터로 탈바꿈시키며 마을의 역사와 문화를 보존하는 데 기여했다.... ",2024-10-07
8일 중기부 국감 쟁점…피해액 1조3000억 티메프 사태 해결 방안은,https://biz.chosun.com/industry/business-venture/2024/10/07/J7PHZ3VZQNDL7LIQZ7MLCXOC24/?utm_source=naver&utm_medium=original&utm_campaign=biz,https://n.news.naver.com/mnews/article/366/0001022347?sid=101,1등급 <b>한우</b>로 판매...공영홈쇼핑 부실 경영도 쟁점 오영주 장관이 이끄는 중소벤처기업부에 대한 국회... 공영홈쇼핑은 지난해 9월 추석 기간에 판매한 1등급 <b>한우</b> 불고기 제품에서 젖소(유우·乳牛) DNA가 검출된 건과... ,2024-10-07
"롯데마트, 연휴 후 집밥 준비 소비자 위해 신선·가공식품 할인 행사",https://www.thepublic.kr/news/articleView.html?idxno=237119,https://www.thepublic.kr/news/articleView.html?idxno=237119,"또한 '호주산 청정 와규 전품목'은 행사카드(롯데·신한) 결제 시 최대 50% 할인 혜택을 제공하고, '요리하다 제주 흑돼지 불고기 2종(각 1kg·냉장)'과 '<b>한우</b> 1등급 국거리·불고기(1kg·냉장)'는 엘포인트 회원에게... ",2024-10-07
"농식품부, ‘<b>한우</b> 수급 안정 TF’ 가동",https://www.munhwa.com/news/view.html?no=2024100701039905015001,https://n.news.naver.com/mnews/article/021/0002663813?sid=101,"농림축산식품부는 <b>한우</b> 농가를 위한 대책을 마련하기 위해 ‘<b>한우</b> 수급 안정 및 발전 대책 협의체’(TF)를 구성했다고 7일 밝혔다. TF는 농식품부와 <b>한우</b>협회, <b>한우</b>자조금, <b>한우</b>협동조합연합회 등 생산자 단체와... ",2024-10-07
'1박 2일' 유쾌한 여행으로 물든 '특별한 일요일' 완성,https://www.joongdo.co.kr/web/view.php?key=20241007001034217,https://www.joongdo.co.kr/web/view.php?key=20241007001034217,"미션 결과, 문세윤이 수박을 든 막내 작가를 도와주며 홀로 '매너' 영역 점수 6점을 획득해 극적으로 최고급 홍성 <b>한우</b>를 먹을 수 있게 됐다.저녁식사를 마치고 베이스캠프 내부로 들어온 '1박 2일' 팀은 바닥에 깔린 여섯... ",2024-10-07
[위클리오늘] 강원도 대표 명품축제 '제22회 홍천 인삼·<b>한우</b> 명품축제...,http://www.weeklytoday.com/news/articleView.html?idxno=654528,http://www.weeklytoday.com/news/articleView.html?idxno=654528,"제22회 홍천 인삼·<b>한우</b> 명품축제가 성황리에 막을 내렸다. 올해 축제는 10월 3일부터 6일까지 4일간 도시산림공원 토리숲에서 개최됐으며, '건강하蔘(삼) 훌륭하牛(우)'라는 슬로건 아래, 인삼과 <b>한우</b>의 우수성을 널리... ",2024-10-07
평택시 럼피스킨 <b>한우</b> 살처분···경기남부와 충남 강원 지역 경보 심각...,https://www.newsfreezone.co.kr/news/articleView.html?idxno=590544,https://www.newsfreezone.co.kr/news/articleView.html?idxno=590544,평택시가 <b>한우</b>농장에서 럼피스킨이 확진됨에 따라 가축방역 당국이 위기경보를 격상하는 등 확산방지 대책에 돌입했다. 7일 평택시에 따르면 지난 3일 22마리의 <b>한우</b>를 사육하는 농장에서 럼피스킨이 확진됨에 따라... ,2024-10-07
"광양시, 10월 '광양의 가을 여행지' 추천",http://www.newsmaker.or.kr/news/articleView.html?idxno=156786,http://www.newsmaker.or.kr/news/articleView.html?idxno=156786,"광양 원님 행차 재현 퍼레이드, 창작 판소리 공연, 드론 라이트 쇼, 불꽃놀이, 카약 체험, <b>한우</b> 시식회, 숯 테라리움 등 이색 콘텐츠와 다채로운 프로그램을 즐길 수 있어 행사장을 방문하려는 시민들과 관광객들의... ",2024-10-07
